idx,VIS_km,TD_SPREAD,TEMP_C,DEWP_C,WND_KT,WIND_CHILL,SLP_hPa
0,16.093,1.6,-2.1,-3.7,2.91576,-4.167371909781893,1005.0
1,16.093,1.6,-2.1,-3.7,2.91576,-4.167371909781893,1005.0
2,16.093,1.6,-2.1,-3.7,2.91576,-4.167371909781893,1005.0
3,16.093,1.6,-2.1,-3.7,2.91576,-4.167371909781893,1005.0
4,16.093,1.5750000000000002,-2.1,-3.675,2.18682,0.0,1005.0
5,16.093,1.55,-2.1,-3.65,1.45788,0.0,1005.0
6,16.093,1.525,-2.1,-3.625,0.7289400000000001,0.0,1005.0
7,16.093,1.5,-2.1,-3.6,0.0,0.0,1005.0
8,16.093,1.475,-2.1,-3.575,0.0,0.0,1005.0
9,16.093,1.45,-2.1,-3.55,0.0,0.0,1005.0
10,16.093,1.4249999999999998,-2.1,-3.525,0.0,0.0,1005.0
11,16.093,1.4,-2.1,-3.5,0.0,0.0,1005.0
12,16.093,1.35,-2.075,-3.425,0.0,0.0,1005.0
13,16.093,1.3,-2.05,-3.35,0.0,0.0,1005.0
14,16.093,1.25,-2.025,-3.2750000000000004,0.0,0.0,1005.0
15,16.093,1.2000000000000002,-2.0,-3.2,0.0,0.0,1005.0
16,16.093,1.25,-2.0,-3.25,0.0,0.0,1005.0
17,16.093,1.3,-2.0,-3.3,0.0,0.0,1005.0
18,16.093,1.35,-2.0,-3.35,0.0,0.0,1005.0
19,16.093,1.4,-2.0,-3.4,0.0,0.0,1005.0
20,16.093,1.35,-2.0,-3.35,0.72894,0.0,1005.0
21,16.093,1.3,-2.0,-3.3,1.45788,0.0,1005.0
22,16.093,1.25,-2.0,-3.25,2.18682,0.0,1005.0
23,16.093,1.2000000000000002,-2.0,-3.2,2.91576,-4.053290968656577,1005.0
24,16.093,1.2000000000000002,-2.0,-3.2,2.18682,0.0,1005.0
25,16.093,1.2000000000000002,-2.0,-3.2,1.45788,0.0,1005.0
26,16.093,1.2000000000000002,-2.0,-3.2,0.7289400000000001,0.0,1005.0
27,16.093,1.2000000000000002,-2.0,-3.2,0.0,0.0,1005.0
28,16.093,1.225,-1.95,-3.1750000000000003,0.0,0.0,1005.0
29,16.093,1.25,-1.9,-3.1500000000000004,0.0,0.0,1005.0
30,16.093,1.275,-1.85,-3.125,0.0,0.0,1005.0
31,16.093,1.3,-1.8,-3.1,0.0,0.0,1005.1
32,16.093,1.325,-1.75,-3.075,0.0,0.0,1005.2
33,16.093,1.35,-1.7000000000000002,-3.05,0.0,0.0,1005.3
34,16.093,1.375,-1.65,-3.025,0.0,0.0,1005.4
35,16.093,1.4,-1.6,-3.0,0.0,0.0,1005.4
36,16.093,1.375,-1.6,-2.975,0.0,0.0,1005.4
37,16.093,1.35,-1.6,-2.95,0.0,0.0,1005.4
38,16.093,1.3249999999999995,-1.6,-2.925,0.0,0.0,1005.4
39,16.093,1.2999999999999998,-1.6,-2.9,0.0,0.0,1005.475
40,16.093,1.275,-1.5750000000000002,-2.85,0.0,0.0,1005.55
41,16.093,1.25,-1.55,-2.8,0.0,0.0,1005.625
42,16.093,1.225,-1.525,-2.75,0.0,0.0,1005.7
43,16.093,1.2000000000000002,-1.5,-2.7,0.0,0.0,1005.775
44,16.093,1.1,-1.75,-2.85,2.041032,0.0,1005.85
45,16.093,1.0,-2.0,-3.0,4.082064,-4.934412093362921,1005.925
46,16.093,1.0,-1.9166666666666667,-2.9166666666666665,3.741892,-4.605158586276808,1006.0
47,16.093,1.0,-1.8333333333333333,-2.833333333333333,3.40172,-4.25878666113994,1006.1
48,16.093,1.0,-1.75,-2.75,3.061548,-3.8919164677027096,1006.2
49,16.093,1.0,-1.6666666666666667,-2.6666666666666665,2.721376,-3.500036317609024,1006.3
50,16.093,1.0,-1.5833333333333337,-2.583333333333333,2.3812040000000003,0.0,1006.4
51,16.093,1.0,-1.5,-2.5,2.041032,0.0,1006.4
52,16.093,1.0,-1.4166666666666667,-2.416666666666667,1.70086,0.0,1006.4
53,16.093,1.0,-1.3333333333333337,-2.333333333333333,1.360688,0.0,1006.4
54,16.093,1.0,-1.25,-2.25,1.0205160000000002,0.0,1006.4
55,16.093,1.0,-1.1666666666666667,-2.166666666666667,0.6803440000000003,0.0,1006.55
56,16.093,1.0,-1.0833333333333337,-2.083333333333333,0.3401720000000003,0.0,1006.7
57,16.093,1.0,-1.0,-2.0,0.0,0.0,1006.725
58,16.093,1.0833333333333333,-0.9166666666666666,-2.0,0.0,0.0,1006.75
59,16.093,1.1666666666666667,-0.8333333333333334,-2.0,0.0,0.0,1006.775
60,16.093,1.25,-0.75,-2.0,0.0,0.0,1006.8
61,16.093,1.3333333333333333,-0.6666666666666667,-2.0,0.0,0.0,1006.825
62,16.093,1.4166666666666663,-0.5833333333333334,-2.0,0.0,0.0,1006.85
63,16.093,1.5,-0.5,-2.0,0.0,0.0,1006.875
64,16.093,1.5833333333333333,-0.4166666666666667,-2.0,0.0,0.0,1006.9
65,16.093,1.6666666666666663,-0.3333333333333333,-2.0,0.0,0.0,1006.925
66,16.093,1.75,-0.25,-2.0,0.0,0.0,1006.95
67,16.093,1.8333333333333333,-0.1666666666666667,-2.0,0.0,0.0,1006.975
68,16.093,1.9166666666666663,-0.0833333333333333,-2.0,0.0,0.0,1007.0
69,16.093,2.0,0.0,-2.0,0.0,0.0,1007.0583333333334
70,16.093,2.0,0.0833333333333333,-1.9166666666666667,0.0,0.0,1007.1166666666668
71,16.093,2.0,0.1666666666666666,-1.8333333333333333,0.0,0.0,1007.175
72,16.093,2.0,0.25,-1.75,0.0,0.0,1007.2333333333332
73,16.093,2.0,0.3333333333333333,-1.6666666666666667,0.0,0.0,1007.2916666666669
74,16.093,2.0,0.4166666666666666,-1.5833333333333337,0.0,0.0,1007.35
75,16.093,2.0,0.5,-1.5,0.0,0.0,1007.4083333333332
76,16.093,2.0,0.5833333333333333,-1.4166666666666667,0.0,0.0,1007.4666666666668
77,16.093,2.0,0.6666666666666666,-1.3333333333333337,0.0,0.0,1007.525
78,16.093,2.0,0.75,-1.25,0.0,0.0,1007.5833333333334
79,16.093,2.0,0.8333333333333333,-1.1666666666666667,0.0,0.0,1007.6416666666668
80,16.093,2.0,0.9166666666666666,-1.0833333333333337,0.0,0.0,1007.7
81,16.093,2.0,1.0,-1.0,0.0,0.0,1007.725
82,16.093,2.1666666666666665,1.25,-0.9166666666666666,0.4211653333333333,0.0,1007.75
83,16.093,2.333333333333333,1.5,-0.8333333333333334,0.8423306666666667,0.0,1007.775
84,16.093,2.5,1.75,-0.75,1.263496,0.0,1007.8
85,16.093,2.6666666666666665,2.0,-0.6666666666666667,1.6846613333333331,0.0,1007.825
86,16.093,2.833333333333333,2.25,-0.5833333333333334,2.1058266666666667,0.0,1007.85
87,16.093,3.0,2.5,-0.5,2.526992,0.0,1007.875
88,16.093,3.1666666666666665,2.75,-0.4166666666666667,2.948157333333333,1.3417294395221793,1007.9
89,16.093,3.333333333333333,3.0,-0.3333333333333333,3.3693226666666667,1.3387112846009672,1007.925
90,16.093,3.5,3.25,-0.25,3.790488,1.369882377743316,1007.95
91,16.093,3.6666666666666665,3.5,-0.1666666666666667,4.2116533333333335,1.4288546374605067,1007.975
92,16.093,3.833333333333333,3.75,-0.0833333333333333,4.632818666666666,1.5109626488754855,1008.0
93,16.093,4.0,4.0,0.0,5.053984,1.6126859895041896,1008.0333333333332
94,16.093,4.166666666666667,4.166666666666667,0.0,4.972990666666666,1.8466635128004287,1008.0666666666666
95,16.093,4.333333333333333,4.333333333333333,0.0,4.891997333333333,2.080643966695664,1008.1
96,16.093,4.5,4.5,0.0,4.811004,2.314632225463413,1008.1333333333332
97,16.093,4.666666666666667,4.666666666666667,0.0,4.730010666666667,2.548633466259675,1008.1666666666666
98,16.093,4.833333333333333,4.833333333333333,0.0,4.649017333333333,2.782653191348884,1008.2
99,16.093,5.0,5.0,0.0,4.568023999999999,3.0166972523259346,1008.2333333333332
100,16.093,5.166666666666666,5.166666666666666,0.0,4.487030666666667,3.2507718765499902,1008.2666666666668
101,16.093,5.333333333333333,5.333333333333333,0.0,4.406037333333333,3.4848836960332834,1008.3
102,16.093,5.5,5.5,0.0,4.325044,3.719039779059573,1008.3333333333331
103,16.093,5.666666666666666,5.666666666666666,0.0,4.244050666666666,3.953247664843325,1008.3666666666668
104,16.093,5.833333333333333,5.833333333333333,0.0,4.163057333333334,4.1875154015825595,1008.4
105,16.093,6.0,6.0,0.0,4.082064,4.421851588306668,1008.4
106,17.434166666666666,6.083333333333333,6.083333333333333,0.0,3.741892,4.69049107195945,1008.4
107,18.77533333333333,6.166666666666667,6.166666666666667,0.0,3.40172,4.971429133998153,1008.4
108,20.1165,6.25,6.25,0.0,3.061548,5.26711734486191,1008.4
109,21.457666666666665,6.333333333333333,6.333333333333333,0.0,2.721376,5.580830499551535,1008.4
110,22.79883333333333,6.416666666666667,6.416666666666667,0.0,2.3812040000000003,0.0,1008.4
111,24.14,6.5,6.5,0.0,2.041032,0.0,1008.4
112,25.481166666666667,6.583333333333333,6.583333333333333,0.0,1.70086,0.0,1008.4
113,26.822333333333333,6.666666666666667,6.666666666666667,0.0,1.360688,0.0,1008.4
114,28.1635,6.75,6.75,0.0,1.0205160000000002,0.0,1008.4
115,29.504666666666665,6.833333333333333,6.833333333333333,0.0,0.6803440000000003,0.0,1008.4
116,30.84583333333333,6.916666666666667,6.916666666666667,0.0,0.3401720000000003,0.0,1008.4
117,32.187,7.0,7.0,0.0,0.0,0.0,1008.3416666666668
118,32.187,7.0,7.083333333333333,0.0833333333333333,0.0,0.0,1008.2833333333332
119,32.187,7.0,7.166666666666667,0.1666666666666666,0.0,0.0,1008.225
120,32.187,7.0,7.25,0.25,0.0,0.0,1008.1666666666666
121,32.187,7.0,7.333333333333333,0.3333333333333333,0.0,0.0,1008.1083333333332
122,32.187,7.0,7.416666666666667,0.4166666666666666,0.0,0.0,1008.05
123,32.187,7.0,7.5,0.5,0.0,0.0,1007.9916666666668
124,32.187,7.0,7.583333333333333,0.5833333333333333,0.0,0.0,1007.9333333333334
125,32.187,7.0,7.666666666666667,0.6666666666666666,0.0,0.0,1007.875
126,32.187,7.0,7.75,0.75,0.0,0.0,1007.8166666666668
127,32.187,7.0,7.833333333333333,0.8333333333333333,0.0,0.0,1007.7583333333332
128,32.187,7.0,7.916666666666667,0.9166666666666666,0.0,0.0,1007.7
129,32.187,7.0,8.0,1.0,0.0,0.0,1007.675
130,32.187,7.166666666666667,8.083333333333334,0.9166666666666666,0.0,0.0,1007.65
131,32.187,7.333333333333333,8.166666666666666,0.8333333333333334,0.0,0.0,1007.625
132,32.187,7.5,8.25,0.75,0.0,0.0,1007.6
133,32.187,7.666666666666667,8.333333333333334,0.6666666666666667,0.0,0.0,1007.575
134,32.187,7.833333333333333,8.416666666666666,0.5833333333333334,0.0,0.0,1007.55
135,32.187,8.0,8.5,0.5,0.0,0.0,1007.525
136,32.187,8.166666666666666,8.583333333333334,0.4166666666666667,0.0,0.0,1007.5
137,32.187,8.333333333333334,8.666666666666666,0.3333333333333333,0.0,0.0,1007.475
138,32.187,8.5,8.75,0.25,0.0,0.0,1007.45
139,32.187,8.666666666666666,8.833333333333334,0.1666666666666667,0.0,0.0,1007.425
140,32.187,8.833333333333334,8.916666666666666,0.0833333333333333,0.0,0.0,1007.4
141,32.187,9.0,9.0,0.0,0.0,0.0,1007.4
142,32.187,8.833333333333334,8.916666666666666,0.0833333333333333,0.0,0.0,1007.4
143,32.187,8.666666666666666,8.833333333333334,0.1666666666666666,0.0,0.0,1007.4
144,32.187,8.5,8.75,0.25,0.0,0.0,1007.4
145,32.187,8.333333333333334,8.666666666666666,0.3333333333333333,0.0,0.0,1007.4
146,32.187,8.166666666666666,8.583333333333334,0.4166666666666666,0.0,0.0,1007.4
147,32.187,8.0,8.5,0.5,0.0,0.0,1007.4
148,32.187,7.833333333333334,8.416666666666666,0.5833333333333333,0.0,0.0,1007.4
149,32.187,7.666666666666667,8.333333333333334,0.6666666666666666,0.0,0.0,1007.4
150,32.187,7.5,8.25,0.75,0.0,0.0,1007.4
151,32.187,7.333333333333334,8.166666666666666,0.8333333333333333,0.0,0.0,1007.4
152,32.187,7.166666666666667,8.083333333333334,0.9166666666666666,0.0,0.0,1007.4
153,32.187,7.0,8.0,1.0,0.0,0.0,1007.4
154,32.187,7.0,7.916666666666667,0.9166666666666666,0.583152,0.0,1007.4
155,32.187,7.0,7.833333333333333,0.8333333333333334,1.166304,0.0,1007.4
156,32.187,7.0,7.75,0.75,1.749456,0.0,1007.4
157,32.187,7.0,7.666666666666667,0.6666666666666667,2.332608,0.0,1007.4
158,32.187,7.0,7.583333333333333,0.5833333333333334,2.91576,6.879465889186323,1007.4
159,32.187,7.0,7.5,0.5,3.498912,6.458879496854846,1007.4
160,32.187,7.0,7.416666666666667,0.4166666666666667,4.082064000000001,6.078689948602321,1007.4
161,32.187,7.0,7.333333333333333,0.3333333333333333,4.665216,5.728645592247831,1007.4
162,32.187,7.0,7.25,0.25,5.248368,5.401992786291712,1007.4
163,32.187,7.0,7.166666666666667,0.1666666666666667,5.83152,5.094036615474707,1007.4
164,32.187,7.0,7.083333333333333,0.0833333333333333,6.414672,4.801375869968191,1007.4
165,32.187,7.0,7.0,0.0,6.9978240000000005,4.521464658929367,1007.3666666666668
166,32.187,6.75,6.666666666666667,-0.0833333333333333,6.835837333333334,4.16434424384353,1007.3333333333331
167,32.187,6.5,6.333333333333333,-0.1666666666666666,6.673850666666667,3.8097172188803636,1007.3
168,32.187,6.25,6.0,-0.25,6.511864,3.457674486316073,1007.2666666666668
169,32.187,6.0,5.666666666666667,-0.3333333333333333,6.349877333333334,3.108312982975506,1007.2333333333332
170,32.187,5.75,5.333333333333334,-0.4166666666666666,6.187890666666667,2.7617362562702708,1007.2
171,32.187,5.5,5.0,-0.5,6.025904000000001,2.4180551124296104,1007.1666666666666
172,32.187,5.25,4.666666666666667,-0.5833333333333333,5.863917333333333,2.0773883482215516,1007.1333333333332
173,32.187,5.0,4.333333333333334,-0.6666666666666666,5.701930666666667,1.739863579599937,1007.1
174,32.187,4.75,4.0,-0.75,5.539944,1.4056181833288979,1007.0666666666666
175,32.187,4.5,3.666666666666667,-0.8333333333333333,5.377957333333333,1.0748003708553653,1007.0333333333332
176,32.187,4.25,3.333333333333333,-0.9166666666666666,5.215970666666666,0.7475704176837628,1007.0
177,32.187,4.0,3.0,-1.0,5.053984,0.4241020764664134,1007.0333333333332
178,32.187,3.75,2.75,-1.0,5.1349773333333335,0.08950949893390225,1007.0666666666666
179,32.187,3.5,2.5,-1.0,5.215970666666666,-0.24530761593610628,1007.1
180,32.187,3.25,2.25,-1.0,5.296964,-0.5803492716355554,1007.1333333333332
181,32.187,3.0,2.0,-1.0,5.377957333333334,-0.9156153900999511,1007.1666666666666
182,32.187,2.75,1.75,-1.0,5.4589506666666665,-1.251105818637883,1007.2
183,32.187,2.5,1.5,-1.0,5.539944,-1.5868203362720057,1007.2333333333332
184,32.187,2.25,1.25,-1.0,5.620937333333334,-1.9227586595467454,1007.2666666666668
185,32.187,2.0,1.0,-1.0,5.701930666666667,-2.2589204478520615,1007.3
186,32.187,1.75,0.75,-1.0,5.782924,-2.5953053083076734,1007.3333333333331
187,32.187,1.5,0.5,-1.0,5.863917333333334,-2.931912800247476,1007.3666666666668
188,32.187,1.25,0.25,-1.0,5.944910666666667,-3.2687424393399613,1007.4
189,32.187,1.0,0.0,-1.0,6.025904000000001,-3.605793701376866,1007.425
190,29.504666666666665,1.2166666666666666,0.25,-0.9666666666666668,5.507546666666667,-3.06769574777348,1007.45
191,26.822333333333333,1.4333333333333331,0.5,-0.9333333333333332,4.989189333333334,-2.514404216051784,1007.475
192,24.14,1.65,0.75,-0.9,4.470832000000001,-1.942587364246674,1007.5
193,21.457666666666668,1.8666666666666667,1.0,-0.8666666666666667,3.9524746666666672,-1.3477252246966838,1007.525
194,18.77533333333333,2.083333333333333,1.25,-0.8333333333333334,3.434117333333333,-0.7234640433911088,1007.55
195,16.093,2.3,1.5,-0.8,2.91576,-0.060458029270474056,1007.575
196,16.093,2.475,1.825,-0.65,3.207336,0.09603562355398698,1007.6
197,16.093,2.65,2.15,-0.5,3.498912,0.2733082423889537,1007.625
198,16.093,2.825,2.475,-0.35,3.790488,0.4685006819082531,1007.65
199,16.093,3.0,2.8,-0.2,4.082064,0.6793461156388314,1007.675
200,16.093,2.875,2.65,-0.225,3.790488,0.6720384841935887,1007.7
201,16.093,2.75,2.5,-0.25,3.498912,0.6779717824007412,1007.75
202,16.093,2.625,2.35,-0.275,3.207336,0.6991500470626144,1007.8
203,16.093,2.5,2.2,-0.3,2.91576,0.7381085586067468,1007.85
204,16.093,2.325,1.95,-0.375,2.18682,0.0,1007.9
205,16.093,2.15,1.7000000000000002,-0.45,1.45788,0.0,1007.95
206,16.093,1.975,1.45,-0.525,0.7289400000000001,0.0,1008.0
207,16.093,1.7999999999999998,1.2,-0.6,0.0,0.0,1008.0
208,16.093,1.85,1.225,-0.625,1.263496,0.0,1008.0
209,16.093,1.9,1.25,-0.6499999999999999,2.526992,0.0,1008.0
210,16.093,1.95,1.275,-0.6749999999999999,3.790488,-0.9271871051911992,1008.0
211,16.093,2.0,1.3,-0.7,5.053984,-1.5964905756978034,1008.0
212,16.093,2.075,1.475,-0.6,5.053984,-1.388488390916192,1008.0
213,16.093,2.15,1.65,-0.5,5.053984,-1.1804862061345822,1008.0
214,16.093,2.225,1.825,-0.3999999999999999,5.053984,-0.9724840213529722,1008.0
215,16.093,2.3,2.0,-0.3,5.053984,-0.7644818365713606,1008.0
216,16.093,2.2,1.875,-0.325,5.053984,-0.9130548257010822,1008.0
217,16.093,2.1,1.75,-0.35,5.053984,-1.0616278148308038,1008.0
218,16.093,2.0,1.625,-0.375,5.053984,-1.210200803960527,1008.0
219,16.093,1.9,1.5,-0.4,5.053984,-1.3587737930902488,1008.1
220,16.093,1.875,1.5,-0.375,4.811004,-1.2377606460188697,1008.2
221,16.093,1.85,1.5,-0.35,4.568023999999999,-1.1114999128495318,1008.3
222,16.093,1.825,1.5,-0.325,4.325044,-0.9794658563743863,1008.4
223,16.093,1.8,1.5,-0.3,4.082064,-0.8410467326324764,1008.4
224,16.093,1.8,1.5,-0.3,4.325044,-0.9794658563743863,1008.4
225,16.093,1.8,1.5,-0.3,4.568023999999999,-1.1114999128495318,1008.4
226,16.093,1.8,1.5,-0.3,4.811004,-1.2377606460188697,1008.4
227,16.093,1.8,1.5,-0.3,5.053984,-1.3587737930902488,1008.4
228,16.093,1.8,1.475,-0.325,5.053984,-1.388488390916192,1008.4
229,16.093,1.7999999999999998,1.45,-0.35,5.053984,-1.418202988742137,1008.4
230,16.093,1.7999999999999998,1.4249999999999998,-0.375,5.053984,-1.447917586568082,1008.4
231,16.093,1.7999999999999998,1.4,-0.4,5.053984,-1.4776321843940252,1008.4
232,16.093,1.7999999999999998,1.4249999999999998,-0.375,5.053984,-1.447917586568082,1008.4
233,16.093,1.7999999999999998,1.45,-0.35,5.053984,-1.418202988742137,1008.4
234,16.093,1.8,1.475,-0.325,5.053984,-1.388488390916192,1008.4
235,16.093,1.8,1.5,-0.3,5.053984,-1.3587737930902488,1008.4
236,16.093,1.775,1.425,-0.35,5.053984,-1.447917586568082,1008.4
237,16.093,1.75,1.35,-0.4,5.053984,-1.5370613800459152,1008.4
238,16.093,1.725,1.275,-0.45,5.053984,-1.6262051735237486,1008.4
239,16.093,1.7,1.2,-0.5,5.053984,-1.71534896700158,1008.4
240,16.093,1.6,1.025,-0.575,3.790488,-1.2179553941702508,1008.4
241,16.093,1.5,0.85,-0.65,2.526992,0.0,1008.4
242,16.093,1.4,0.675,-0.725,1.263496,0.0,1008.4
243,16.093,1.3,0.5,-0.8,0.0,0.0,1008.3
244,16.093,1.325,0.5,-0.8250000000000001,0.0,0.0,1008.2
245,16.093,1.35,0.5,-0.8500000000000001,0.0,0.0,1008.1
246,16.093,1.375,0.5,-0.875,0.0,0.0,1008.0
247,16.093,1.4,0.5,-0.9,0.0,0.0,1008.0
248,16.093,1.4249999999999998,0.6,-0.825,0.0,0.0,1008.0
249,16.093,1.45,0.7,-0.75,0.0,0.0,1008.0
250,16.093,1.475,0.8,-0.675,0.0,0.0,1008.0
251,16.093,1.5,0.9,-0.6,0.0,0.0,1008.0
252,16.093,1.5,0.925,-0.575,0.0,0.0,1008.0
253,16.093,1.5,0.95,-0.55,0.0,0.0,1008.0
254,16.093,1.5,0.975,-0.525,0.0,0.0,1008.0
255,16.093,1.5,1.0,-0.5,0.0,0.0,1008.0
256,16.093,1.45,0.925,-0.525,0.0,0.0,1008.0
257,16.093,1.4,0.85,-0.55,0.0,0.0,1008.0
258,16.093,1.35,0.775,-0.575,0.0,0.0,1008.0
259,16.093,1.2999999999999998,0.7,-0.6,0.0,0.0,1008.0
260,16.093,1.1749999999999998,0.475,-0.7,0.0,0.0,1008.0
261,16.093,1.0499999999999998,0.25,-0.8,0.0,0.0,1008.0
262,16.093,0.925,0.025,-0.9,0.0,0.0,1008.0
263,16.093,0.8,-0.2,-1.0,0.0,0.0,1008.0
264,14.886,0.75,-0.7749999999999999,-1.525,0.0,0.0,1008.0
265,13.679,0.7000000000000001,-1.35,-2.05,0.0,0.0,1008.0
266,12.472,0.6500000000000001,-1.925,-2.575,0.0,0.0,1008.0
267,11.265,0.6000000000000001,-2.5,-3.1,0.0,0.0,1007.925
268,10.4605,0.5000000000000001,-2.35,-2.85,0.0,0.0,1007.85
269,9.656,0.4000000000000001,-2.2,-2.6,0.0,0.0,1007.775
270,8.851500000000001,0.3000000000000001,-2.05,-2.35,0.0,0.0,1007.7
271,8.047,0.2000000000000001,-1.9,-2.1,0.0,0.0,1007.7
272,8.047,0.2500000000000001,-1.9,-2.15,0.0,0.0,1007.7
273,8.047,0.3,-1.9,-2.2,0.0,0.0,1007.7
274,8.047,0.35,-1.9,-2.25,0.0,0.0,1007.7
275,8.047,0.3999999999999999,-1.9,-2.3,0.0,0.0,1007.7
276,8.047,0.3249999999999999,-1.7999999999999998,-2.125,0.0,0.0,1007.7
277,8.047,0.25,-1.7,-1.95,0.0,0.0,1007.7
278,8.047,0.175,-1.6,-1.775,0.0,0.0,1007.7
279,8.047,0.1,-1.5,-1.6,0.0,0.0,1007.625
280,8.851500000000001,0.2,-1.85,-2.05,0.0,0.0,1007.55
281,9.656,0.3,-2.2,-2.5,0.0,0.0,1007.475
282,10.4605,0.4,-2.55,-2.95,0.0,0.0,1007.4
283,11.265,0.5,-2.9,-3.4,0.0,0.0,1007.4
284,11.265,0.425,-2.6,-3.025,0.0,0.0,1007.4
285,11.265,0.35,-2.3,-2.65,0.0,0.0,1007.4
286,11.265,0.275,-2.0,-2.275,0.0,0.0,1007.4
287,11.265,0.1999999999999999,-1.7,-1.9,0.0,0.0,1007.4
288,11.265,0.25,-1.625,-1.875,0.0,0.0,1007.4
289,11.265,0.3,-1.5499999999999998,-1.85,0.0,0.0,1007.4
290,11.265,0.3500000000000001,-1.475,-1.825,0.0,0.0,1007.4
291,11.265,0.4000000000000001,-1.4,-1.8,0.0,0.0,1007.3
292,11.265,0.4250000000000001,-1.45,-1.875,0.0,0.0,1007.2
293,11.265,0.45,-1.5,-1.95,0.0,0.0,1007.1
294,11.265,0.475,-1.55,-2.025,0.0,0.0,1007.0
295,11.265,0.5,-1.6,-2.1,0.0,0.0,1007.0
296,11.265,0.425,-1.2000000000000002,-1.625,0.72894,0.0,1007.0
297,11.265,0.35,-0.8,-1.15,1.45788,0.0,1007.0
298,11.265,0.275,-0.3999999999999999,-0.675,2.18682,0.0,1007.0
299,11.265,0.2,0.0,-0.2,2.91576,-1.771672146150232,1006.925
300,8.54925,0.15,0.5,0.35,3.450316,-1.600716242573387,1006.85
301,5.8335,0.1,1.0,0.9000000000000001,3.984872,-1.3674465864713508,1006.775
302,3.117749999999999,0.0499999999999999,1.5,1.4500000000000002,4.519428,-1.0855731923722285,1006.7
303,0.402,0.0,2.0,2.0,5.053984,-0.7644818365713606,1006.7
304,0.402,0.0,2.125,2.125,5.296964,-0.729456837413486,1006.7
305,0.402,0.0,2.25,2.25,5.539944,-0.6890887803917349,1006.7
306,0.402,0.0,2.375,2.375,5.782924,-0.6437755647772112,1006.7
307,0.402,0.0,2.5,2.5,6.025904000000001,-0.593869294473627,1006.7
308,0.402,0.0,2.425,2.425,5.539944,-0.4796180840196709,1006.7
309,0.402,0.0,2.35,2.35,5.053984,-0.3484774670081392,1006.7
310,0.402,0.0,2.2750000000000004,2.2750000000000004,4.568024,-0.1973991119892491,1006.7
311,0.402,0.0,2.2,2.2,4.082064,-0.022373660486387115,1006.7
312,0.402,0.0,2.1,2.1,3.061548,0.5158685545940138,1006.7
313,0.402,0.0,2.0,2.0,2.041032,0.0,1006.7
314,0.402,0.0,1.9,1.9,1.0205159999999998,0.0,1006.7
315,0.402,0.0,1.8,1.8,0.0,0.0,1006.625
316,0.402,0.0,1.725,1.725,0.0,0.0,1006.55
317,0.402,0.0,1.65,1.65,0.0,0.0,1006.475
318,0.402,0.0,1.575,1.575,0.0,0.0,1006.4
319,0.402,0.0,1.5,1.5,0.0,0.0,1006.4
320,0.402,0.0,1.5,1.5,0.0,0.0,1006.4
321,0.402,0.0,1.5,1.5,0.0,0.0,1006.4
322,0.402,0.0,1.5,1.5,0.0,0.0,1006.4
323,0.402,0.0,1.5,1.5,0.0,0.0,1006.4
324,0.402,0.0,1.55,1.55,0.0,0.0,1006.4
325,0.402,0.0,1.6,1.6,0.0,0.0,1006.4
326,0.402,0.0,1.65,1.65,0.0,0.0,1006.4
327,0.402,0.0,1.7,1.7,0.0,0.0,1006.475
328,0.402,0.0,1.65,1.65,0.0,0.0,1006.55
329,0.402,0.0,1.6,1.6,0.0,0.0,1006.625
330,0.402,0.0,1.55,1.55,0.0,0.0,1006.7
331,0.402,0.0,1.5,1.5,0.0,0.0,1006.7
332,0.402,0.0,1.75,1.75,2.526992,0.0,1006.7
333,0.402,0.0,2.0,2.0,5.053984,-0.7644818365713606,1006.7
334,0.402,0.0,2.0,2.0,5.053984,-0.7644818365713606,1006.7
335,0.402,0.0,2.0,2.0,5.053984,-0.7644818365713606,1006.625
336,0.402,0.0,2.0,2.0,5.053984,-0.7644818365713606,1006.55
337,0.402,0.0,2.0,2.0,5.053984,-0.7644818365713606,1006.475
338,0.402,0.0,2.0,2.0,5.053984,-0.7644818365713606,1006.4
339,0.402,0.0,2.0,2.0,5.053984,-0.7644818365713606,1006.4
340,0.402,0.0,2.0,2.0,5.053984,-0.7644818365713606,1006.4
341,0.402,0.0,2.0,2.0,5.053984,-0.7644818365713606,1006.4
342,0.402,0.0,2.0,2.0,5.053984,-0.7644818365713606,1006.4
343,0.402,0.0,2.0,2.0,5.053984,-0.7644818365713606,1006.4
344,0.402,0.0,2.0,2.0,5.053984,-0.7644818365713606,1006.4
345,0.402,0.0,2.0,2.0,5.053984,-0.7644818365713606,1006.4
346,0.402,0.0,2.25,2.25,5.053984,-0.4673358583119176,1006.4
347,0.402,0.0,2.5,2.5,5.053984,-0.1701898800524726,1006.4
348,0.402,0.0,2.75,2.75,5.053984,0.12695609820697062,1006.4
349,0.402,0.0,3.0,3.0,5.053984,0.4241020764664134,1006.4
350,0.402,0.0,3.25,3.25,5.053984,0.7212480547258586,1006.4
351,0.402,0.0,3.5,3.5,5.053984,1.0183940329853016,1006.4
352,0.402,0.0,3.75,3.75,5.053984,1.3155400112447446,1006.4
353,0.402,0.0,4.0,4.0,5.053984,1.6126859895041896,1006.4
354,0.402,0.0,4.25,4.25,5.053984,1.9098319677636324,1006.4
355,0.402,0.0,4.5,4.5,5.053984,2.2069779460230774,1006.4
356,0.402,0.0,4.75,4.75,5.053984,2.5041239242825206,1006.4
357,0.402,0.0,5.0,5.0,5.053984,2.801269902541964,1006.425
358,0.4690833333333333,0.0,5.083333333333333,5.083333333333333,5.053984,2.900318561961778,1006.45
359,0.5361666666666667,0.0,5.166666666666667,5.166666666666667,5.053984,2.999367221381593,1006.475
360,0.6032500000000001,0.0,5.25,5.25,5.053984,3.098415880801407,1006.5
361,0.6703333333333334,0.0,5.333333333333333,5.333333333333333,5.053984,3.1974645402212207,1006.525
362,0.7374166666666667,0.0,5.416666666666667,5.416666666666667,5.053984,3.2965131996410357,1006.55
363,0.8045,0.0,5.5,5.5,5.053984,3.3955618590608503,1006.575
364,0.8715833333333334,0.0,5.583333333333333,5.583333333333333,5.053984,3.4946105184806644,1006.6
365,0.9386666666666668,0.0,5.666666666666667,5.666666666666667,5.053984,3.5936591779004825,1006.625
366,1.00575,0.0,5.75,5.75,5.053984,3.6927078373202966,1006.65
367,1.0728333333333335,0.0,5.833333333333333,5.833333333333333,5.053984,3.7917564967401107,1006.675
368,1.1399166666666667,0.0,5.916666666666667,5.916666666666667,5.053984,3.8908051561599253,1006.7
369,1.207,0.0,6.0,6.0,5.053984,3.9898538155797394,1006.675
370,2.522384615384616,0.0,6.1923076923076925,6.1923076923076925,5.053984,4.218427645010083,1006.65
371,3.837769230769231,0.0,6.384615384615385,6.384615384615385,5.053984,4.447001474440421,1006.625
372,5.153153846153847,0.0,6.576923076923077,6.576923076923077,5.053984,4.6755753038707635,1006.6
373,6.468538461538462,0.0,6.769230769230769,6.769230769230769,5.053984,4.904149133301106,1006.575
374,7.783923076923077,0.0,6.961538461538462,6.961538461538462,5.053984,5.132722962731444,1006.55
375,8.047,0.5,7.5,7.0,5.053984,5.772729685136402,1006.525
376,8.170769230769231,1.0,8.0,7.0,5.053984,6.367021641655288,1006.5
377,8.789615384615384,1.0,8.0,7.0,5.053984,6.367021641655288,1006.475
378,9.40846153846154,1.0,8.0,7.0,5.053984,6.367021641655288,1006.45
379,10.027307692307692,1.0,8.0,7.0,5.053984,6.367021641655288,1006.425
380,10.646153846153847,1.0,8.0,7.0,5.053984,6.367021641655288,1006.4
381,11.265,1.0,8.0,7.0,5.053984,6.367021641655288,1006.4
382,11.667333333333334,1.1666666666666667,8.166666666666666,7.0,5.1349773333333335,6.535496029236369,1006.4
383,12.069666666666668,1.3333333333333333,8.333333333333334,7.0,5.215970666666666,6.704838619402979,1006.4
384,12.472,1.5,8.5,7.0,5.296964,6.875029017260985,1006.4
385,12.874333333333334,1.6666666666666663,8.666666666666666,7.0,5.377957333333334,7.046047653721317,1006.4
386,13.276666666666667,1.8333333333333333,8.833333333333334,7.0,5.4589506666666665,7.217875739532359,1006.2
387,13.679,2.0,9.0,7.0,5.539944,7.390495222530704,1006.0
388,14.081333333333331,2.1666666666666665,9.166666666666666,7.0,5.620937333333334,7.563888747840476,1006.0
389,14.483666666666666,2.333333333333333,9.333333333333334,7.0,5.701930666666667,7.738039620777929,1006.0
390,14.886,2.5,9.5,7.0,5.782924,7.912931772240971,1006.0
391,15.288333333333334,2.6666666666666665,9.666666666666666,7.0,5.863917333333334,8.088549726384382,1006.0
392,15.690666666666663,2.833333333333333,9.833333333333334,7.0,5.944910666666667,8.264878570399777,1006.0
393,16.093,3.0,10.0,7.0,6.025904000000001,8.441903926236089,1005.9166666666666
394,16.093,3.083333333333333,10.166666666666666,7.083333333333333,6.106897333333334,0.0,1005.8333333333334
395,16.093,3.1666666666666665,10.333333333333334,7.166666666666667,6.187890666666667,0.0,1005.75
396,16.093,3.25,10.5,7.25,6.268884000000001,0.0,1005.6666666666666
397,16.093,3.333333333333333,10.666666666666666,7.333333333333333,6.349877333333334,0.0,1005.5833333333334
398,16.093,3.4166666666666665,10.833333333333334,7.416666666666667,6.430870666666667,0.0,1005.5
399,16.093,3.5,11.0,7.5,6.511864000000001,0.0,1005.4166666666666
400,16.093,3.583333333333333,11.166666666666666,7.583333333333333,6.592857333333334,0.0,1005.3333333333334
401,16.093,3.6666666666666665,11.333333333333334,7.666666666666667,6.673850666666668,0.0,1005.25
402,16.093,3.75,11.5,7.75,6.754844,0.0,1005.1666666666666
403,16.093,3.833333333333333,11.666666666666666,7.833333333333333,6.835837333333334,0.0,1005.0833333333334
404,16.093,3.9166666666666665,11.833333333333334,7.916666666666667,6.916830666666667,0.0,1005.0
405,16.093,4.0,12.0,8.0,6.9978240000000005,0.0,1004.9166666666666
406,16.093,4.083333333333333,12.166666666666666,8.083333333333334,6.916830666666667,0.0,1004.8333333333334
407,16.093,4.166666666666667,12.333333333333334,8.166666666666666,6.835837333333334,0.0,1004.75
408,16.093,4.25,12.5,8.25,6.754844,0.0,1004.6666666666666
409,16.093,4.333333333333333,12.666666666666666,8.333333333333334,6.673850666666668,0.0,1004.5833333333334
410,16.093,4.416666666666667,12.833333333333334,8.416666666666666,6.592857333333334,0.0,1004.5
411,16.093,4.5,13.0,8.5,6.511864000000001,0.0,1004.4166666666666
412,16.093,4.583333333333333,13.166666666666666,8.583333333333334,6.430870666666667,0.0,1004.3333333333334
413,16.093,4.666666666666667,13.333333333333334,8.666666666666666,6.349877333333334,0.0,1004.25
414,16.093,4.75,13.5,8.75,6.268884000000001,0.0,1004.1666666666666
415,16.093,4.833333333333333,13.666666666666666,8.833333333333334,6.187890666666667,0.0,1004.0833333333334
416,16.093,4.916666666666667,13.833333333333334,8.916666666666666,6.106897333333334,0.0,1004.0
417,16.093,5.0,14.0,9.0,6.025904000000001,0.0,1003.9166666666666
418,16.093,5.083333333333333,14.0,8.916666666666666,6.187890666666667,0.0,1003.8333333333334
419,16.093,5.166666666666667,14.0,8.833333333333334,6.349877333333334,0.0,1003.75
420,16.093,5.25,14.0,8.75,6.511864,0.0,1003.6666666666666
421,16.093,5.333333333333333,14.0,8.666666666666666,6.673850666666667,0.0,1003.5833333333334
422,16.093,5.416666666666667,14.0,8.583333333333334,6.835837333333334,0.0,1003.5
423,16.093,5.5,14.0,8.5,6.9978240000000005,0.0,1003.4166666666666
424,16.093,5.583333333333333,14.0,8.416666666666666,7.159810666666667,0.0,1003.3333333333334
425,16.093,5.666666666666667,14.0,8.333333333333334,7.321797333333333,0.0,1003.25
426,16.093,5.75,14.0,8.25,7.483784,0.0,1003.1666666666666
427,16.093,5.833333333333333,14.0,8.166666666666666,7.645770666666666,0.0,1003.0833333333334
428,16.093,5.916666666666667,14.0,8.083333333333334,7.807757333333333,0.0,1003.0
429,16.093,6.0,14.0,8.0,7.969743999999999,0.0,1002.95
430,16.093,6.083333333333333,14.083333333333334,8.0,8.050737333333332,0.0,1002.9
431,16.093,6.166666666666667,14.166666666666666,8.0,8.131730666666666,0.0,1002.85
432,16.093,6.25,14.25,8.0,8.212724,0.0,1002.8
433,16.093,6.333333333333333,14.333333333333334,8.0,8.293717333333333,0.0,1002.75
434,16.093,6.416666666666667,14.416666666666666,8.0,8.374710666666665,0.0,1002.7
435,16.093,6.5,14.5,8.0,8.455703999999999,0.0,1002.65
436,16.093,6.583333333333333,14.583333333333334,8.0,8.536697333333333,0.0,1002.6
437,16.093,6.666666666666667,14.666666666666666,8.0,8.617690666666666,0.0,1002.55
438,16.093,6.75,14.75,8.0,8.698684,0.0,1002.5
439,16.093,6.833333333333333,14.833333333333334,8.0,8.779677333333332,0.0,1002.45
440,16.093,6.916666666666667,14.916666666666666,8.0,8.860670666666666,0.0,1002.4
441,16.093,7.0,15.0,8.0,8.941664,0.0,1002.3666666666668
442,16.093,6.833333333333333,14.75,7.916666666666667,8.941664,0.0,1002.3333333333331
443,16.093,6.666666666666667,14.5,7.833333333333333,8.941664,0.0,1002.3
444,16.093,6.5,14.25,7.75,8.941664,0.0,1002.2666666666668
445,16.093,6.333333333333333,14.0,7.666666666666667,8.941664,0.0,1002.2333333333332
446,16.093,6.166666666666667,13.75,7.583333333333333,8.941664,0.0,1002.2
447,16.093,6.0,13.5,7.5,8.941664,0.0,1002.1666666666666
448,16.093,5.833333333333334,13.25,7.416666666666667,8.941664,0.0,1002.1333333333332
449,16.093,5.666666666666667,13.0,7.333333333333333,8.941664,0.0,1002.1
450,16.093,5.5,12.75,7.25,8.941664,0.0,1002.0666666666666
451,16.093,5.333333333333334,12.5,7.166666666666667,8.941664,0.0,1002.0333333333332
452,16.093,5.166666666666667,12.25,7.083333333333333,8.941664,0.0,1002.0
453,16.093,5.0,12.0,7.0,8.941664,0.0,1001.9166666666666
454,16.093,4.833333333333333,11.666666666666666,6.833333333333333,8.779677333333332,0.0,1001.8333333333334
455,16.093,4.666666666666667,11.333333333333334,6.666666666666667,8.617690666666666,0.0,1001.75
456,16.093,4.5,11.0,6.5,8.455703999999999,0.0,1001.6666666666666
457,16.093,4.333333333333333,10.666666666666666,6.333333333333333,8.293717333333333,0.0,1001.5833333333334
458,16.093,4.166666666666667,10.333333333333334,6.166666666666667,8.131730666666666,0.0,1001.5
459,16.093,4.0,10.0,6.0,7.969743999999999,7.9435533630108415,1001.4166666666666
460,16.093,3.8333333333333335,9.666666666666668,5.833333333333334,7.807757333333333,7.571101239618552,1001.3333333333334
461,16.093,3.666666666666667,9.333333333333334,5.666666666666667,7.645770666666666,7.200663351732741,1001.25
462,16.093,3.5,9.0,5.5,7.483784,6.832302103368467,1001.1666666666666
463,16.093,3.333333333333333,8.666666666666668,5.333333333333334,7.321797333333333,6.466083461554587,1001.0833333333334
464,16.093,3.166666666666667,8.333333333333334,5.166666666666667,7.159810666666667,6.102077249239932,1001.0
465,16.093,3.0,8.0,5.0,6.9978240000000005,5.740357469765889,1001.0
466,16.093,2.9166666666666665,7.916666666666667,5.0,6.9978240000000005,5.638783068862845,1001.0
467,16.093,2.833333333333333,7.833333333333333,5.0,6.9978240000000005,5.537208667959803,1001.0
468,16.093,2.75,7.75,5.0,6.9978240000000005,5.435634267056759,1001.0
469,16.093,2.6666666666666665,7.666666666666667,5.0,6.9978240000000005,5.334059866153716,1001.0
470,16.093,2.583333333333333,7.583333333333333,5.0,6.9978240000000005,5.232485465250671,1001.0
471,16.093,2.5,7.5,5.0,6.9978240000000005,5.130911064347629,1001.0
472,16.093,2.416666666666667,7.416666666666667,5.0,6.9978240000000005,5.029336663444585,1001.0
473,16.093,2.333333333333333,7.333333333333333,5.0,6.9978240000000005,4.927762262541541,1001.0
474,16.093,2.25,7.25,5.0,6.9978240000000005,4.8261878616384974,1001.0
475,16.093,2.166666666666667,7.166666666666667,5.0,6.9978240000000005,4.724613460735455,1001.0
476,16.093,2.083333333333333,7.083333333333333,5.0,6.9978240000000005,4.6230390598324105,1001.0
477,16.093,2.0,7.0,5.0,6.9978240000000005,4.521464658929367,1001.0
478,16.093,1.9833333333333327,6.966666666666667,4.983333333333333,6.673850666666667,4.578823987384737,1001.0
479,16.093,1.9666666666666663,6.933333333333334,4.966666666666667,6.349877333333334,4.640571074228572,1001.0
480,16.093,1.95,6.9,4.95,6.025904000000001,4.707117661676071,1001.0
481,16.093,1.933333333333333,6.866666666666666,4.933333333333334,5.701930666666667,4.778939440463453,1001.0
482,16.093,1.9166666666666663,6.833333333333333,4.916666666666667,5.377957333333333,4.8565903166704665,1001.0
483,16.093,1.9,6.8,4.9,5.053984,4.940720946009959,1001.0
484,16.093,1.9499999999999995,6.85,4.9,5.053984,5.0001501416618455,1001.0
485,16.093,2.0,6.9,4.9,5.053984,5.059579337313735,1001.0
486,16.093,2.05,6.95,4.9,5.053984,5.119008532965625,1001.0
487,16.093,2.1,7.0,4.9,5.053984,5.178437728617515,1001.0
488,16.093,2.175,7.175,5.0,4.811004,5.482182535868445,1001.0
489,16.093,2.25,7.35,5.1,4.568023999999999,5.7884867775151765,1001.0
490,16.093,2.325,7.525,5.2,4.325044,6.097658256998018,1001.0
491,16.093,2.4000000000000004,7.7,5.3,4.082064,6.410057620661453,1001.0
492,16.093,2.2250000000000005,7.475,5.25,3.790488,6.2838664614893,1001.0
493,16.093,2.0500000000000003,7.25,5.199999999999999,3.498912,6.169834111132141,1001.0
494,16.093,1.875,7.025,5.15,3.207336,6.069740389734668,1001.0
495,16.093,1.7000000000000002,6.8,5.1,2.91576,5.985831850371339,1001.0
496,16.093,1.625,6.75,5.125,2.91576,5.928791379808679,1001.0
497,16.093,1.5499999999999998,6.699999999999999,5.15,2.91576,5.871750909246022,1001.0
498,16.093,1.4749999999999996,6.65,5.175,2.91576,5.814710438683363,1001.0
499,16.093,1.3999999999999997,6.6,5.2,2.91576,5.757669968120702,1001.0
500,16.093,1.3999999999999997,6.699999999999999,5.3,2.91576,5.871750909246022,1001.0
501,16.093,1.4,6.8,5.4,2.91576,5.985831850371339,1001.0
502,16.093,1.4,6.9,5.5,2.91576,6.099912791496655,1001.0
503,16.093,1.4000000000000004,7.0,5.6,2.91576,6.213993732621975,1001.0
504,16.093,1.4250000000000005,6.95,5.525,3.207336,5.983581186376291,1001.0
505,16.093,1.4500000000000002,6.9,5.449999999999999,3.498912,5.765170571120351,1001.0
506,16.093,1.475,6.85,5.375,3.790488,5.556945739041668,1001.0
507,16.093,1.5,6.8,5.3,4.082064,5.357477956473626,1001.0
508,16.093,1.475,6.75,5.275,4.082064,5.29900130846319,1001.0
509,16.093,1.4499999999999995,6.699999999999999,5.25,4.082064,5.240524660452756,1001.0
510,16.093,1.4249999999999996,6.65,5.225,4.082064,5.182048012442321,1001.0
511,16.093,1.3999999999999997,6.6,5.2,4.082064,5.123571364431884,1001.0
512,16.093,1.4249999999999996,6.824999999999999,5.4,3.790488,5.527868910143765,1001.0
513,16.093,1.4499999999999995,7.05,5.6,3.498912,5.938597802553975,1001.0
514,16.093,1.475,7.275,5.8,3.207336,6.356937734262585,1001.0
515,16.093,1.5,7.5,6.0,2.91576,6.7843984382485605,1000.925
516,16.093,1.45,7.4,5.95,2.91576,6.670317497123244,1000.85
517,16.093,1.4,7.3,5.9,2.91576,6.556236555997923,1000.775
518,16.093,1.35,7.199999999999999,5.85,2.91576,6.442155614872608,1000.7
519,16.093,1.2999999999999998,7.1,5.8,2.91576,6.328074673747291,1000.7
520,16.093,1.2749999999999997,7.1,5.825,2.91576,6.328074673747291,1000.7
521,16.093,1.2499999999999996,7.1,5.85,2.91576,6.328074673747291,1000.7
522,16.093,1.2249999999999994,7.1,5.875,2.91576,6.328074673747291,1000.7
523,16.093,1.1999999999999993,7.1,5.9,2.91576,6.328074673747291,1000.7
524,16.093,1.1249999999999991,6.9,5.775,3.450316,5.791196531804326,1000.7
525,16.093,1.0499999999999994,6.699999999999999,5.65,3.984872,5.286870373272997,1000.7
526,16.093,0.9749999999999994,6.5,5.525,4.519428,4.807081164035089,1000.7
527,16.093,0.8999999999999995,6.3,5.4,5.053984,4.346428989491073,1000.625
528,16.093,0.8749999999999996,6.275,5.4,5.053984,4.316714391665128,1000.55
529,16.093,0.8499999999999996,6.25,5.4,5.053984,4.286999793839183,1000.475
530,16.093,0.8249999999999997,6.225,5.4,5.053984,4.257285196013237,1000.4
531,16.093,0.7999999999999998,6.2,5.4,5.053984,4.2275705981872935,1000.4
532,16.093,0.7499999999999998,6.175,5.425000000000001,5.053984,4.197856000361352,1000.4
533,16.093,0.6999999999999997,6.15,5.45,5.053984,4.168141402535406,1000.4
534,16.093,0.6499999999999997,6.125,5.475,5.053984,4.138426804709461,1000.4
535,16.093,0.5999999999999996,6.1,5.5,5.053984,4.108712206883516,1000.4
536,16.093,0.5999999999999996,6.025,5.425,5.296964,3.9226992148579587,1000.4
537,16.093,0.5999999999999996,5.949999999999999,5.35,5.539944,3.739720228617601,1000.4
538,16.093,0.5999999999999996,5.875,5.275,5.782924,3.5595192674422487,1000.4
539,16.093,0.5999999999999996,5.8,5.2,6.025904000000001,3.381870922638646,1000.3
540,16.093,0.5749999999999997,5.8,5.225,5.782924,3.469448663894687,1000.2
541,16.093,0.5499999999999998,5.8,5.25,5.539944,3.5601739174415465,1000.1
542,16.093,0.5249999999999999,5.8,5.275,5.296964,3.6543055964576805,1000.0
543,16.093,0.5,5.8,5.3,5.053984,3.752137032972183,1000.0
544,14.886,0.4749999999999998,5.625,5.15,5.539944,3.350703221069486,1000.0
545,13.679,0.4499999999999997,5.449999999999999,5.0,6.025904000000001,2.9602015056721935,1000.0
546,12.472,0.4249999999999996,5.275,4.85,6.511864,2.5789361787888376,1000.0
547,11.265,0.3999999999999994,5.1,4.7,6.9978240000000005,2.205568318339968,1000.0
548,11.265,0.3499999999999996,5.15,4.8,6.511864,2.427429574042763,1000.0
549,11.265,0.2999999999999998,5.199999999999999,4.9,6.025904000000001,2.659009064981867,1000.0
550,11.265,0.25,5.25,5.0,5.539944,2.9018374431293483,1000.0
551,11.265,0.2000000000000001,5.3,5.1,5.053984,3.1578450764532966,999.925
552,11.265,0.2500000000000002,5.4,5.15,4.811004,3.3803500869080954,999.85
553,11.265,0.3000000000000002,5.5,5.199999999999999,4.568023999999999,3.606439704493857,999.775
554,11.265,0.3500000000000003,5.6,5.25,4.325044,3.8365024199454245,999.7
555,11.265,0.4000000000000003,5.7,5.3,4.082064,4.070991700244058,999.7
556,11.265,0.4000000000000003,5.65,5.25,4.082064,4.012515052233621,999.7
557,11.265,0.4000000000000003,5.6,5.199999999999999,4.082064,3.9540384042231884,999.7
558,11.265,0.4000000000000003,5.55,5.15,4.082064,3.8955617562127522,999.7
559,11.265,0.4000000000000003,5.5,5.1,4.082064,3.837085108202316,999.625
560,11.265,0.3750000000000004,5.475,5.1,3.790488,3.957720149656882,999.55
561,11.265,0.3500000000000005,5.45,5.1,3.498912,4.088707333928663,999.475
562,11.265,0.3250000000000006,5.425000000000001,5.1,3.207336,4.231677384755995,999.4
563,11.265,0.3000000000000007,5.4,5.1,2.91576,4.388698674616897,999.4
564,11.265,0.3000000000000005,5.375,5.074999999999999,3.207336,4.174237915850411,999.4
565,11.265,0.3000000000000002,5.35,5.05,3.498912,3.9730891796395813,999.4
566,11.265,0.3,5.325,5.025,3.790488,3.783259176269451,999.4
567,11.265,0.2999999999999998,5.3,5.0,4.082064,3.603178516160578,999.4
568,10.4605,0.25,5.275,5.025,3.790488,3.7251055184736392,999.4
569,9.656,0.2000000000000001,5.25,5.05,3.498912,3.857471025350497,999.4
570,8.851500000000001,0.1500000000000003,5.225,5.074999999999999,3.207336,4.001919509133661,999.4
571,8.047,0.1000000000000005,5.2,5.1,2.91576,4.160536792366265,999.4
572,8.047,0.1000000000000005,5.2,5.1,2.91576,4.160536792366265,999.4
573,8.047,0.1000000000000005,5.2,5.1,2.91576,4.160536792366265,999.4
574,8.047,0.1000000000000005,5.2,5.1,2.91576,4.160536792366265,999.4
575,8.047,0.1000000000000005,5.2,5.1,2.91576,4.160536792366265,999.4
576,6.538250000000001,0.0750000000000004,5.025,4.949999999999999,2.18682,0.0,999.4
577,5.0295000000000005,0.0500000000000002,4.85,4.8,1.45788,0.0,999.4
578,3.5207500000000005,0.0250000000000001,4.675,4.65,0.7289400000000001,0.0,999.4
579,2.012,0.0,4.5,4.5,0.0,0.0,999.4
580,2.1125000000000003,0.0,4.5,4.5,0.72894,0.0,999.4
581,2.213,0.0,4.5,4.5,1.45788,0.0,999.4
582,2.3135000000000003,0.0,4.5,4.5,2.18682,0.0,999.4
583,2.414,0.0,4.5,4.5,2.91576,3.361970204489044,999.3
584,3.82225,0.0,4.85,4.85,2.91576,3.761253498427652,999.2
585,5.230500000000001,0.0,5.2,5.2,2.91576,4.160536792366265,999.1
586,6.638750000000002,0.0,5.550000000000001,5.550000000000001,2.91576,4.559820086304873,999.0
587,8.047,0.0,5.9,5.9,2.91576,4.959103380243485,999.0
588,6.4375,0.0,5.425000000000001,5.425000000000001,3.207336,4.231677384755995,999.0
589,4.828,0.0,4.95,4.95,3.498912,3.51061656248325,999.0
590,3.2185000000000006,0.0,4.475,4.475,3.790488,2.794646993740672,999.0
591,1.609,0.0,4.0,4.0,4.082064,2.0827856678892704,998.925
592,4.023,0.0,4.15,4.15,4.325044,2.133294127100614,998.85
593,6.437,0.0,4.3,4.3,4.568023999999999,2.1910578192908408,998.775
594,8.850999999999999,0.0,4.449999999999999,4.449999999999999,4.811004,2.255425677605373,998.7
595,11.265,0.0,4.6,4.6,5.053984,2.325836337326854,998.775
596,11.265,0.1,4.699999999999999,4.6,4.519428,2.685725595728454,998.85
597,11.265,0.2000000000000001,4.8,4.6,3.984872,3.068764720024882,998.925
598,11.265,0.3000000000000002,4.9,4.6,3.450316,3.481223789811292,999.0
599,11.265,0.4000000000000003,5.0,4.6,2.91576,3.9323749101156285,999.0
600,11.265,0.5000000000000004,5.1,4.6,2.18682,0.0,999.0
601,11.265,0.6000000000000005,5.2,4.6,1.45788,0.0,999.0
602,11.265,0.7000000000000006,5.300000000000001,4.6,0.7289400000000001,0.0,999.0
603,11.265,0.8000000000000007,5.4,4.6,0.0,0.0,999.0
604,12.472,0.7750000000000006,5.300000000000001,4.525,1.506476,0.0,999.0
605,13.679,0.7500000000000004,5.2,4.449999999999999,3.0129520000000003,4.096408822183503,999.0
606,14.886,0.7250000000000003,5.1,4.375,4.519428,3.1571379442410388,999.0
607,16.093,0.7000000000000002,5.0,4.3,6.025904000000001,2.4180551124296104,999.0
608,16.093,0.7250000000000001,5.125,4.4,5.539944,2.7522155171493026,999.0
609,16.093,0.75,5.25,4.5,5.053984,3.098415880801407,999.0
610,16.093,0.7749999999999999,5.375,4.6,4.568024,3.4590040914518765,999.0
611,16.093,0.7999999999999998,5.5,4.7,4.082064,3.837085108202316,999.0
612,16.093,0.7749999999999999,5.25,4.475,3.790488,3.6960286895757335,999.0
613,16.093,0.75,5.0,4.25,3.498912,3.5684256396277925,999.0
614,16.093,0.7250000000000001,4.75,4.025,3.207336,3.4562445545306195,999.0
615,16.093,0.7000000000000002,4.5,3.8,2.91576,3.361970204489044,999.0
616,16.093,0.6500000000000001,4.425,3.775,3.207336,3.0828880066443256,999.0
617,16.093,0.6000000000000001,4.35,3.75,3.498912,2.8169076367487595,999.0
618,16.093,0.55,4.275,3.725,3.790488,2.5620323625574306,999.0
619,16.093,0.5,4.2,3.7,4.082064,2.3166922599310102,999.0
620,16.093,0.75,4.6,3.85,5.053984,2.325836337326854,999.0
621,16.093,1.0,5.0,4.0,6.025904000000001,2.4180551124296104,999.0
622,17.434166666666666,1.0833333333333333,5.083333333333333,4.0,6.187890666666667,2.4599236101998385,999.0
623,18.77533333333333,1.1666666666666667,5.166666666666667,4.0,6.349877333333334,2.5034742627440303,999.1
624,20.1165,1.25,5.25,4.0,6.511864,2.5486348578396223,999.2
625,21.457666666666665,1.3333333333333333,5.333333333333333,4.0,6.673850666666667,2.5953381107155624,999.3
626,22.79883333333333,1.4166666666666663,5.416666666666667,4.0,6.835837333333334,2.64352121472072,999.4
627,24.14,1.5,5.5,4.0,6.9978240000000005,2.693125442674578,999.4
628,25.481166666666667,1.5833333333333333,5.583333333333333,4.0,7.159810666666667,2.74409579214395,999.4
629,26.822333333333333,1.6666666666666663,5.666666666666667,4.0,7.321797333333333,2.79638066892224,999.4
630,28.1635,1.75,5.75,4.0,7.483784,2.8499316038431446,999.4
631,29.504666666666665,1.8333333333333333,5.833333333333333,4.0,7.645770666666666,2.9047029987729602,999.4
632,30.84583333333333,1.9166666666666663,5.916666666666667,4.0,7.807757333333333,2.9606518982203007,999.4
633,32.187,2.0,6.0,4.0,7.969743999999999,3.017737783501751,999.4
634,32.187,2.1666666666666665,6.25,4.083333333333333,7.726763999999999,3.3931977285787034,999.4
635,32.187,2.333333333333333,6.5,4.166666666666667,7.483784,3.768940180656679,999.4
636,32.187,2.5,6.75,4.25,7.240804,4.1450118132040545,999.4
637,32.187,2.6666666666666665,7.0,4.333333333333333,6.997824,4.521464658929367,999.4
638,32.187,2.833333333333333,7.25,4.416666666666667,6.754843999999999,4.898356890208832,999.4
639,32.187,3.0,7.5,4.5,6.511863999999999,5.2757537432689725,999.4
640,32.187,3.1666666666666665,7.75,4.583333333333333,6.268884,5.6537286188076505,999.4
641,32.187,3.333333333333333,8.0,4.666666666666667,6.025904,6.0323644007134956,999.4
642,32.187,3.5,8.25,4.75,5.782924,6.411755046448307,999.4
643,32.187,3.6666666666666665,8.5,4.833333333333333,5.539944,6.792007518610521,999.4
644,32.187,3.833333333333333,8.75,4.916666666666667,5.296964,7.173244148816851,999.4
645,32.187,4.0,9.0,5.0,5.053984,7.555605554693064,999.425
646,32.187,4.166666666666667,9.333333333333334,5.166666666666667,5.296964,7.869079455780526,999.45
647,32.187,4.333333333333333,9.666666666666666,5.333333333333333,5.539944,8.18847882775761,999.475
648,32.187,4.5,10.0,5.5,5.782924,8.51340246255804,999.5
649,32.187,4.666666666666667,10.333333333333334,5.666666666666667,6.025904,0.0,999.525
650,32.187,4.833333333333333,10.666666666666666,5.833333333333333,6.268884,0.0,999.55
651,32.187,5.0,11.0,6.0,6.511863999999999,0.0,999.575
652,32.187,5.166666666666666,11.333333333333332,6.166666666666666,6.754843999999999,0.0,999.6
653,32.187,5.333333333333333,11.666666666666666,6.333333333333333,6.997824,0.0,999.625
654,32.187,5.5,12.0,6.5,7.240803999999999,0.0,999.65
655,32.187,5.666666666666666,12.333333333333332,6.666666666666666,7.483784,0.0,999.675
656,32.187,5.833333333333333,12.666666666666666,6.833333333333333,7.726763999999999,0.0,999.7
657,32.187,6.0,13.0,7.0,7.969743999999999,0.0,999.7
658,32.187,6.0,13.0,7.0,7.969743999999999,0.0,999.7
659,32.187,6.0,13.0,7.0,7.969743999999999,0.0,999.7
660,32.187,6.0,13.0,7.0,7.969743999999999,0.0,999.7
