sample_id,class_name,start,end
728128_72037154850,dense_fog,288,581
795546_72269200367,dense_fog,259,432
674420_72497593809,dense_fog,339,422
739313_74465253897,dense_fog,288,420
679640_72048899999,dense_fog,253,422
784123_A0002963820,dense_fog,267,420
790031_72269200367,dense_fog,280,412
790031_72269200367,dense_fog,29,100
865966_72497593809,dense_fog,276,486
874293_72405303717,dense_fog,232,383
876599_74465363814,dense_fog,318,384
825862_72405303717,dense_fog,288,376
678115_72207694891,dense_fog,288,374
678115_72207694891,dense_fog,598,652
772358_A0688400416,dense_fog,324,373
784433_72410593760,dense_fog,292,357
784433_72410593760,dense_fog,38,69
714773_72497593809,dense_fog,288,372
849301_A0688400416,dense_fog,298,360
876568_72497593809,dense_fog,278,353
908460_72269200367,dense_fog,288,372
908460_72269200367,dense_fog,612,641
905807_72269200367,dense_fog,288,372
905807_72269200367,dense_fog,547,571
905807_72269200367,dense_fog,594,657
905812_72269200367,dense_fog,288,372
905812_72269200367,dense_fog,16,75
784491_72269200367,dense_fog,288,364
784491_72269200367,dense_fog,217,239
784491_72269200367,dense_fog,248,269
784491_72269200367,dense_fog,521,550
770496_74465253897,dense_fog,263,354
804039_74465253897,dense_fog,288,360
804039_74465253897,dense_fog,207,221
804039_74465253897,dense_fog,128,150
804039_74465253897,dense_fog,78,92
698873_72035503732,dense_fog,288,376
883576_72207463840,dense_fog,288,360
789658_74465253897,dense_fog,288,396
784467_72269200367,dense_fog,234,372
825859_72269200367,dense_fog,603,648
825859_72269200367,dense_fog,550,566
825859_72269200367,dense_fog,284,371
726547_72207463840,dense_fog,299,355
740553_72269200367,dense_fog,251,352
743228_72085900286,dense_fog,288,360
874432_72269200367,dense_fog,288,493
790077_72035503732,dense_fog,288,388
790077_72035503732,dense_fog,55,94
914385_72269200367,dense_fog,288,384
914385_72269200367,dense_fog,589,636
914385_72269200367,dense_fog,247,268
905794_A0688400416,dense_fog,288,372
849239_72269200367,dense_fog,288,360
877703_72410593760,dense_fog,260,377
806202_72269200367,dense_fog,264,416
877591_72269200367,dense_fog,289,384
795517_72035503732,dense_fog,288,384
921609_A0688400416,dense_fog,274,420
804062_72433903865,dense_fog,299,372
726428_72667624087,dense_fog,87,105
726428_72667624087,dense_fog,281,484
726428_72667624087,dense_fog,544,619
739350_72436553896,dense_fog,322,383
921613_72405303717,dense_fog,246,384
866367_72667624087,dense_fog,288,408
866367_72667624087,dense_fog,486,506
866367_72667624087,dense_fog,519,540
804859_72286023119,dense_fog,347,432
869231_72667624087,dense_fog,288,370
869231_72667624087,dense_fog,623,636
685868_72467793007,dense_fog,288,396
680829_74505653120,dense_fog,358,462
680829_74505653120,dense_fog,38,55
802257_72681894194,dense_fog,272,384
802257_72681894194,dense_fog,201,228
865722_72462593005,dense_fog,288,390
684522_72435003816,dense_fog,270,335
789189_72462593005,dense_fog,288,360
884482_72643894994,dense_fog,236,354
884482_72643894994,dense_fog,35,72
882075_72417713734,dense_fog,251,362
882075_72417713734,dense_fog,514,542
548927_72545704904,extreme_cold_wind_chill,432,696
876383_72225254923,extreme_cold_wind_chill,432,660
547778_72745204912,extreme_cold_wind_chill,432,974
725563_72745204912,extreme_cold_wind_chill,432,936
728100_72073700266,extreme_cold_wind_chill,432,852
663121_72049100150,extreme_cold_wind_chill,432,792
806046_72344154921,extreme_cold_wind_chill,432,678
665944_72091100301,extreme_cold_wind_chill,432,684
800950_72028304927,extreme_cold_wind_chill,432,944
663104_72085800285,extreme_cold_wind_chill,432,900
562653_72523504720,extreme_cold_wind_chill,432,864
735200_72411593757,extreme_cold_wind_chill,432,852
796817_72085800285,extreme_cold_wind_chill,432,1188
560846_72411593757,extreme_cold_wind_chill,432,888
794820_72523504720,extreme_cold_wind_chill,432,768
794809_72523504720,extreme_cold_wind_chill,432,768
726342_72658514954,extreme_cold_wind_chill,432,792
734219_72649994971,extreme_cold_wind_chill,432,840
814985_72667624087,extreme_cold_wind_chill,432,671
725549_72753014914,extreme_cold_wind_chill,432,689
548007_72617014742,extreme_cold_wind_chill,432,660
726345_72655714910,extreme_cold_wind_chill,432,876
800622_72103100348,frost_freeze,144,648
738272_72233812994,frost_freeze,144,504
748996_72063600222,frost_freeze,144,1296
728515_A0688400416,frost_freeze,144,324
677336_72233812994,frost_freeze,144,285
629556_A0688400416,frost_freeze,144,264
893784_72411593757,frost_freeze,144,264
568879_72091100301,frost_freeze,144,240
